breed_id,breed_name,animal_type,region,avg_milk_liters_per_day,lifespan_years,primary_use,coat_color_notes,horn_notes,description,source_reference,daily_food_req,daily_expenditure,food_items
1,Alambadi Cow,Cow,"Tamil Nadu, India",2-3,15-18,Draught,Grey to dark grey with white markings,Long curved horns spreading outward,Hardy draught breed from Tamil Nadu adapted to dry semi-arid conditions. Known for endurance and strength in agricultural work.,NBAGR India,15-20 kg/day,₹100-140,"Green Sorghum (Jowar), Dry Paddy Straw, Legume Fodder & Mineral Salt"
2,Amritmahal Cow,Cow,"Karnataka, India",1-2,18-20,Draught,Grey to white with darker head and neck,Long lyre-shaped upward curving horns,Elite draught breed from Karnataka known for speed and endurance. Originally bred for the Mysore army for hauling equipment.,NBAGR India,15-20 kg/day,₹90-130,"Green Napier/Sorghum, Jowar Stover, Groundnut Cake & Salt"
3,Banni Buffalo,Buffalo,"Gujarat, India",10-14,20-25,Dairy,Jet black with occasional white markings on forehead,Medium curved sickle-shaped horns,High-yielding buffalo breed from the Banni grasslands of Kutch. Well adapted to arid conditions with excellent milk fat content.,NBAGR India,30-40 kg/day,₹220-300,"Banni Pasture Grass, Green Lucerne/Maize, Wheat Straw, Cottonseed Cake & Mineral Mix"
4,Bargur Cow,Cow,"Tamil Nadu, India",2-3,15-18,Draught,Brown to reddish brown with white patches,Medium curved horns,Agile draught breed from the Bargur hills of Erode district. Known for its speed and hill-terrain adaptability.,NBAGR India,12-18 kg/day,₹80-120,"Hill Pasture Grass, Forest Fodder, Paddy Straw, Rice Bran & Salt"
5,Dangi Cow,Cow,"Maharashtra, India",1-3,15-18,Dual Purpose,White with red or black spots,Short stumpy horns,Hardy breed from the hilly Dangs region. Tolerant to heavy rainfall and humid conditions. Used for both draught and limited milk production.,NBAGR India,15-22 kg/day,₹100-140,"Native Hill Grass, Paddy Straw, Groundnut Cake & Mineral Mixture"
6,Deoni Cow,Cow,"Maharashtra / Karnataka, India",3-5,15-18,Dual Purpose,White body with black or red spots on head and neck,Medium sized curved horns,"Dual-purpose breed from the Deccan plateau. Decent milk yield and good draught capability. Known as ""Dongari"" or ""Dongerpati"" cattle.",NBAGR India,20-28 kg/day,₹130-180,"Green Jowar/Maize, Wheat Straw, Cottonseed Cake & Arhar Husk"
7,Gir Cow,Cow,"Gujarat, India",6-10,12-15,Dairy,Reddish to spotted red-white with distinctive curved forehead,Long pendulous ears; curved horns,One of the principal dairy breeds of India. Highly heat tolerant with excellent disease resistance. Exported worldwide to tropical countries.,NBAGR India,25-35 kg/day,₹180-240,"Green Berseem/Lucerne, Jowar Fodder, Wheat Straw, Cottonseed Cake & Mineral Mix"
8,Hallikar Cow,Cow,"Karnataka, India",1-2,18-20,Draught,Grey to dark grey,Long lyre-shaped horns curving backward,Premier draught breed of South India known for compact muscular build. Progenitor of several other South Indian breeds.,NBAGR India,15-22 kg/day,₹100-140,"Green Sorghum, Ragi (Finger Millet) Straw, Groundnut Cake & Mineral Salt"
9,Jaffrabadi Buffalo,Buffalo,"Gujarat, India",8-12,20-25,Dairy,Black,Heavy massive horns curving downward then upward,Heaviest Indian buffalo breed from Gir forests of Gujarat. Known for high milk yield with excellent fat percentage.,NBAGR India,35-45 kg/day,₹250-320,"Green Maize/Napier, Wheat Straw, Cottonseed Cake & Rice Bran"
10,Kangayam Cow,Cow,"Tamil Nadu, India",2-4,18-20,Draught,Grey to white with red or brown tinge,Short sturdy horns,Powerful draught breed from Tamil Nadu. Known for compact muscular body and endurance in heavy agricultural work.,NBAGR India,18-25 kg/day,₹120-160,"Green Sorghum, Paddy Straw, Cottonseed & Sesame Cake"
11,Kankrej Cow,Cow,"Gujarat / Rajasthan, India",5-8,15-18,Dual Purpose,Silver-grey to steel grey with darker forequarters,Strong lyre-shaped horns,Large dual-purpose breed. Known for heavy build and fast trotting gait. Popular for both milk production and draught work.,NBAGR India,25-32 kg/day,₹160-220,"Green Sorghum/Berseem, Bajra Stover, Mustard Cake & Mineral Mix"
12,Kasaragod Cow,Cow,"Kerala, India",2-3,15-18,Dwarf Cattle,Reddish brown to black,Short small horns,Small-sized cattle breed from the Kasaragod district of Kerala. Well adapted to the tropical coastal climate and resistant to local diseases.,NBAGR India,8-12 kg/day,₹50-80,"Native Coastal Grass, Rice Gruel, Paddy Straw, Coconut Cake"
13,Kenkatha Cow,Cow,"Uttar Pradesh / Madhya Pradesh, India",2-4,15-18,Draught,Grey to dark grey with lighter underbelly,Short thick horns,Compact draught breed from the Ken river valley of Bundelkhand. Hardy and well-suited to rocky terrain.,NBAGR India,15-20 kg/day,₹90-130,"Riverine Pasture Grass, Jowar Kadbi, Mustard Cake & Salt"
14,Kherigarh Cow,Cow,"Uttar Pradesh, India",3-5,15-18,Dual Purpose,White to light grey,Medium lyre-shaped horns,Medium-sized dual-purpose breed from the Kheri district of UP. Known for reasonable milk yield and good draught capability.,NBAGR India,18-24 kg/day,₹110-150,"Green Maize/Jowar, Wheat Straw, Mustard Cake & Wheat Bran"
15,Malnad gidda Cow,Cow,"Karnataka, India",1-3,18-20,Dairy (small-scale),Varied: black brown red or white,Short small horns or polled,Smallest Indian cattle breed from the Western Ghats of Karnataka. Extremely hardy with strong disease resistance adapted to heavy rainfall and hilly terrain.,NBAGR India,8-14 kg/day,₹50-90,"Western Ghats Grazing Grass, Rice Straw, Coconut/Groundnut Cake"
16,Mehsana Buffalo,Buffalo,"Gujarat, India",8-12,20-25,Dairy,Black to brownish black,Sickle-shaped curving upward and backward,Important dairy buffalo from North Gujarat. Cross between Murrah and Surti. Consistent milk producer with good fat content.,NBAGR India,30-38 kg/day,₹200-270,"Green Lucerne/Sorghum, Wheat Straw, Cottonseed Cake & Rice Bran"
17,Nagori Cow,Cow,"Rajasthan, India",2-4,15-18,Draught,White to light grey with darker extremities,Medium upward-pointing horns,Tall well-built draught breed from the Nagaur district of Rajasthan. Prized for fast trotting ability and endurance in desert conditions.,NBAGR India,20-26 kg/day,₹130-170,"Green Bajra/Jowar, Dry Stover, Guar Meal & Mineral Salt"
18,Nagpuri Buffalo,Buffalo,"Maharashtra, India",5-7,20-25,Dual Purpose,Black,Very long flat curved sickle-shaped horns (can exceed 60cm),Distinctive buffalo breed from the Nagpur region. Known for extremely long horns and adaptation to hot dry climate of Vidarbha.,NBAGR India,25-32 kg/day,₹160-220,"Green Sugarcane Tops/Napier, Jowar Kadbi, Cottonseed Cake"
19,Nili ravi Buffalo,Buffalo,"Punjab, India / Pakistan",8-14,20-25,Dairy,Black with white markings on forehead and legs,Small tightly curled horns,Premier dairy buffalo breed from the Punjab region. One of the highest milk-yielding buffalo breeds in the world.,NBAGR India,32-42 kg/day,₹220-290,"Green Berseem/Maize, Wheat Straw, Mustard Cake & Rice Bran"
20,Nimari Cow,Cow,"Madhya Pradesh, India",2-4,15-18,Dual Purpose,Red to reddish brown with darker extremities,Medium lyre-shaped horns,Medium-sized dual-purpose breed from the Nimar valley (Narmada basin). Suitable for both draught and moderate milk production.,NBAGR India,18-24 kg/day,₹110-150,"Green Narmada Basin Fodder, Jowar Kadbi, Cottonseed Cake"
21,Pulikulam Cow,Cow,"Tamil Nadu, India",1-2,15-18,Draught / Sport,Grey to dark grey,Sharp curved horns,Small agile breed from the Madurai-Sivaganga region. Traditionally used in the Jallikattu bull-taming sport. Known for agility and tenacity.,NBAGR India,12-16 kg/day,₹70-110,"Open Grazing Grass, Paddy Straw, Rice Bran & Mineral Salt"
22,Rathi Cow,Cow,"Rajasthan, India",6-8,15-18,Dairy,Brown with white patches,Short to medium curved horns,One of the best dairy breeds of Rajasthan from the Bikaner region. Adapted to arid conditions with efficient feed conversion.,NBAGR India,22-30 kg/day,₹150-200,"Green Lucerne/Sorghum, Bajra Stover, Cottonseed Cake & Guar Meal"
23,Sahiwal Cow,Cow,"Punjab, India / Pakistan",8-12,15-18,Dairy,Reddish to reddish brown with occasional white patches,Short stumpy horns (often polled),One of the best dairy breeds of the Indian subcontinent. Highly heat-tolerant and tick-resistant. Exported globally to tropical countries.,NBAGR India,28-36 kg/day,₹190-250,"Green Berseem/Maize, Wheat Straw, Cottonseed Cake & Mineral Mix"
24,Shurti Buffalo,Buffalo,"Karnataka, India",4-6,20-25,Dairy,Black to brownish black,Medium flat horns curving backward,Small to medium dairy buffalo from the North Karnataka region. Adapted to medium rainfall zone and maintained by small farmers.,NBAGR India,22-28 kg/day,₹140-190,"Green Napier/Sugarcane Tops, Paddy Straw, Groundnut Cake & Rice Bran"
25,Tharparkar Cow,Cow,"Rajasthan, India / Sindh, Pakistan",6-10,18-20,Dairy,White to grey,Medium lyre-shaped horns curving upward,Hardy dual-purpose breed from the Thar desert. Among the best milkers of Indian zebu breeds. Well adapted to extreme heat and scarce water.,NBAGR India,24-32 kg/day,₹160-220,"Green Desert Fodder/Sorghum, Bajra Stover, Cottonseed Cake & Mineral Mix"
26,Umblachery Cow,Cow,"Tamil Nadu, India",1-2,15-18,Draught,Reddish brown calves turning grey as adults,Short curved horns,Compact draught breed from the Cauvery delta region. Known for ability to work in waterlogged paddy fields. Important for rice cultivation.,NBAGR India,12-18 kg/day,₹80-120,"Delta Grazing Grass, Paddy Straw, Rice Bran & Mineral Salt"
27,Manda,Buffalo,"Odisha, India",2.43-3,15-20,Draught,Mostly ash grey or grey; lighter lower legs; sometimes silver-white,Broad horns extending backward and inward in a half-circle,"Indigenous buffalo breed adapted to the Eastern Ghats and Koraput plateau; valued for hardiness, draught ability and milk.",NBAGR India,22-28 kg/day,₹130-180,"Koraput Plateau Grass, Paddy Straw, Oil Cake & Mineral Salt"
28,Punganur,Cow,"Andhra Pradesh, India",2,15-20,Dairy,"White, grey, light brown to dark brown or red; white animals with brown, red or black patches may occur","Small, black, crescent-shaped horns; generally curve backward and forward in males, and laterally/forward in females","Punganur is a small indigenous dwarf cattle breed native to the Chittoor region of Andhra Pradesh. It is known for its short stature, low maintenance requirements, ability to thrive on dry fodder, and relatively high-fat milk. Bullocks have traditionally been used for light agricultural work and cart pulling",NBAGR India,6-10 kg/day,₹40-70,"Dry Fodder, Crop Residues, Rice Bran, Cottonseed & Mineral Mix"
29,Motu,Cow,"Odisha, India",1.5-3,12-15,Dual Purpose,Usually grey to white; bulls may be darker,"Medium-sized, curved horns","Motu is an indigenous cattle breed of Odisha, mainly found in the Malkangiri region. It is adapted to local climatic conditions and traditionally used for milk production and agricultural draught work.",NBAGR India,12-16 kg/day,₹70-110,"Malkangiri Pasture Grass, Paddy Straw, Rice Bran & Salt"
30,Chilika,Cow,"Odisha, India",1-2.5,12-15,Dual Purpose,Generally white or grey,"Short to medium, curved horns",Chilika cattle are indigenous to the coastal Chilika region of Odisha. They are hardy animals adapted to local environmental conditions and are mainly maintained for milk and agricultural purposes.,NBAGR India,10-15 kg/day,₹60-100,"Coastal Chilika Grazing Fodder, Paddy Straw, Salt & Rice Bran"
31,Kalahandi,Cow,"Odisha, India",1.5-3,12-16,Dual Purpose,Usually grey or white with darker shades,"Medium-sized, upward and outward curved horns","Kalahandi cattle are an indigenous breed from western Odisha. They are hardy and well adapted to drought-prone environments, primarily used for draught power and secondary milk production.",NBAGR India,12-18 kg/day,₹75-115,"Local Scrub Fodder, Jowar/Paddy Straw, Oil Cake & Mineral Salt"
32,Binjharpuri,Cow,"Odisha, India",2-4,12-17,Dual Purpose,White to grey; bulls may have darker forequarters,"Medium-sized, curved outward and upward","Binjharpuri is an indigenous cattle breed native to Jajpur and surrounding areas of Odisha. It is valued for its adaptability, draught ability, and moderate milk production.",NBAGR India,15-20 kg/day,₹95-135,"Delta Green Fodder, Paddy Straw, Mustard Cake & Rice Bran"
33,Ghumsuri,Cow,"Odisha, India",1.5-3,12-18,Dual Purpose,"Usually grey, white, or brownish-grey","Medium-sized, curved horns","Ghumsuri cattle are indigenous to the Ghumusar region of Odisha. The breed is hardy, adapted to local conditions, and traditionally used for draught work and milk production",NBAGR India,12-16 kg/day,₹70-110,"Ghumusar Forest Grass, Paddy Straw, Groundnut Cake & Salt"
34,Khariar,Cow,"Odisha, India",1.5-3,12-19,Dual Purpose,Generally grey or white,"Medium-sized, curved outward and upward","Khariar cattle are indigenous to the Khariar region of western Odisha. They are known for their hardiness, adaptability to dry conditions, and use in agricultural draught work with secondary milk production.",NBAGR India,12-17 kg/day,₹75-115,"Western Odisha Dry Grass, Paddy/Jowar Straw, Oil Cake & Mineral Salt"
